text_ids,original_i2t,reordered_i2t
"In the night, rain and snow let go of the Alps in the north and northeast, falling here and there. Otherwise, this is clear.",89.43073844909668,87.90223217010498
"On Thursday in the southern half, clouds similar to the weather on Friday appear in the northern half of the sun.",66.1664810180664,62.083757400512695
"From the northern sea, a strong deep pulls up, and from the morning hours, there is sometimes violent snowfall and also freezing rain.",69.81816673278809,72.53746795654297
"Here in the west, it is also a wonderful sunny day with temperatures up to seventeen degrees.",82.37020969390869,78.54067611694336
"Tomorrow, Germany will be under the influence of high pressure that largely dispels the clouds.",81.51332092285156,71.41752243041992
A mixture of sun and clouds with some sometimes thundering showers in the northwest on Sunday.,81.14851951599121,78.27808666229248
Showers or thunderstorms that can be violent locally,78.87763977050781,78.65376949310303
"In the next few days, winter will definitely continue with some snow.",80.96559810638428,81.60029220581055
And it will even be a bit colder again for the weekend.,64.94493103027344,62.6536169052124
Tomorrow awaits us with a quiet autumn mix of high fog clouds and sun.,70.67786598205566,77.15670585632324
"However, later, fog or high fog fields spread.",86.38031482696533,83.28007698059082
They are expected to be quite tough tomorrow.,67.06568717956543,56.88776397705078
There are only weak air pressure differences in Germany.,58.49161911010742,56.50197410583496
Strong thunderstorms can develop in part where moist air flows from the Mediterranean.,58.195624351501465,45.48733615875244
Temperatures between six and eleven degrees today are very similar.,67.25111865997314,62.938222885131836
"In the north half, there are still individual violent showers and thunderstorms that partially gave up at the beginning of the night.",77.14813423156738,75.59990119934082
The snow border can also fall into the lowlands by evening.,62.75596237182617,61.36825370788574
"And now the weather forecast for Friday, fifteenth October, tomorrow.",82.63253211975098,79.66837882995605
"A new low will form over the North Sea tomorrow morning, causing heavy rain from the north.",70.6648817062378,68.83615493774414
Tonight it is partly clear in the south but also foggy.,69.24569702148438,71.39251518249512
There are sometimes heavy rain on individual thunderstorms in the course of the north and northwest.,77.92545509338379,65.95080852508545
The sun shines everywhere again tomorrow.,74.60740852355957,65.87042617797852
"On Saturday, it rains in the southeast and on the Baltic Sea, where it is sometimes windy; otherwise, it only rains occasionally, and the sun shows itself.",77.9687271118164,80.07501029968262
"In the southeastern half, it is still changeable to the northwest on Thursday.",72.8730697631836,75.51925849914551
"Later, the weather calms down again in the west and northwest.",71.14343070983887,68.07378768920898
There will be strong showers or thunderstorms tomorrow in the east and southeast with a mix of sun and clouds.,73.00045585632324,71.99163436889648
"In the north, temperatures range from just around zero degrees in the coldest areas to minus five degrees.",77.53003883361816,65.8304386138916
"In the coming week, the air that reaches us is much cooler.",69.34218120574951,67.6679573059082
"Sometimes on Tuesday, some of them are friendly, with rain showers and sometimes also thunderstorms.",64.70275592803955,66.52249717712402
It is stormy in the north on Sunday and in the middle of showing.,84.96232509613037,79.5512466430664
"In the south, the weather is friendly.",58.31959915161133,58.59003257751465
"Thursday will be really blatant, with storms expected in Germany and large temperature differences ranging from six to twenty degrees.",76.91844940185547,78.07277488708496
"On Saturday, it also rains or snowed, spreading later in the west and north.",76.9683837890625,77.6633529663086
"Tomorrow in the southwest, freezing values range from minus seven degrees in the east.",72.11834621429443,66.55608940124512
Night frost must be expected in the southern half.,73.12146663665771,68.08509635925293
Six degrees on the Alps and thirteen degrees on the Upper Rhine on the day.,85.48549461364746,84.15463638305664
"And now the weather forecast for Thursday, the fifteenth of October tomorrow.",77.29084777832031,74.94379806518555
Tonight ranges from plus four degrees on the Baltic Sea to minus four degrees in the low mountain areas.,88.84257411956787,91.36625671386719
"And now the weather forecast for Tuesday, October thirteenth, tomorrow.",85.70636749267578,80.24482727050781
The west is friendly.,67.11551475524902,60.24184608459473
then similar weather on Thursday,61.9921932220459,60.831058502197266
Many clouds bring the rain on Friday.,76.1268424987793,72.85259532928467
"In the east and southeast, snow or snow is also possible.",79.28375053405762,72.26411056518555
"On the day it rains between Lower Rhine and East Frisia, there is a lot of sun in the eastern and western halves.",89.61060905456543,75.4047966003418
"First of all, the thunderstorm not only increases in the west from day to day, but it also increases to the east.",78.10897064208984,82.62266540527344
"Tomorrow morning, strong gusts still occur on the Baltic Sea; otherwise, the wind blows weak to moderately from east to southeast.",85.1264476776123,83.18426704406738
"Even with slight plus degrees, it remains frosty otherwise.",74.42975425720215,78.19843864440918
The coldest corner will remain the entire southeast.,84.0568037033081,79.80349540710449
"And now the weather forecast for Sunday, July the twelfth, tomorrow.",77.17312812805176,72.45256614685059
The temperatures drop to seven to fourteen degrees at night.,85.13734912872314,80.1413402557373
"Tomorrow, maximum values will be between seventeen degrees in the Emsland and twenty-five degrees on the Upper Rhine.",78.29030990600586,73.41580581665039
"On Tuesday and Wednesday, the sun sometimes clouds with heavy thunderstorms in the southeastern half.",71.57264614105225,72.68887329101562
"And now the weather forecast for Tuesday, February tomorrow.",83.48208427429199,80.53678321838379
"The day begins in the east, with a friendly demeanor, and later in the northwest, the sun predominates more often while the clouds otherwise dominate.",75.20586013793945,75.56204986572266
There are showers and thunderstorms in many places that can be violent.,74.62979221343994,72.67895317077637
"Clouds can especially form in places above the mountain country during the day, and in the southwest, isolated heat weather has to be expected.",65.62401866912842,65.06493377685547
The wind blows weakly from western directions most of the time.,70.66496849060059,60.06647491455078
I wish you a nice evening now.,68.73039817810059,67.66739654541016
Individual showers fall in the northwest and west.,78.81663703918457,75.11915588378906
Strong to stormy gusts with fresh wind near showers on the North Sea and partially storm gusts on the mountains.,61.380523681640625,61.25767707824707
"And now the weather forecast for Saturday, December Fifth, tomorrow.",82.37423515319824,75.59165000915527
"Tomorrow, after a short calming of the weather, a new low-pressure system will reach us from the west.",69.95153427124023,61.31995487213135
He provides clouds that bring the rain in the mountains again.,75.04731845855713,73.511155128479
"Starting Sunday, it will be mild again with many clouds, occasional rain, and wind in the northwest.",78.16113471984863,76.78958797454834
The sun can also be seen here and there on Monday and Tuesday.,68.02281188964844,65.9714298248291
"Tonight it is usually cloudy or clear, but in the northwest, there are sometimes a few denser clouds.",79.14362716674805,73.63013648986816
Tomorrow is expected to have partially strong showers and thunderstorms.,84.92940711975098,82.01634979248047
"mostly friendly, mostly dry, and warmer on Saturday",85.3650312423706,81.84247398376465
Showers and thunderstorms move up again from the northwest on Sunday.,69.72836494445801,70.70816707611084
Heavy gusts of wind on the mountains and on the North Sea.,66.83434677124023,58.18146514892578
"Under clouds tonight, frost-free at two to eight degrees.",69.59379577636719,71.51198387145996
"The weather forecast for tomorrow, Thursday, April 1st, and now.",81.26068496704102,76.81059646606445
"Together with cool air, the low in Scotland will also ensure changeable weather tomorrow.",74.78562355041504,71.1532039642334
"On Friday, the clouds and the sun take turns, with individual showers in places, and the sun shows itself for a long time.",74.7655897140503,75.49619388580322
"A mixture of partially tough fog fields, clouds, and sunshine awaits us.",72.16147136688232,69.02485084533691
The new week begins cooler and changeable.,85.54218482971191,85.34196662902832
"Tomorrow we already have thirty degrees in the south of France, and for us, probably twenty-five degrees in the southwest.",82.37413501739502,82.49989891052246
"Yes, Thursday is even more beautiful and a little warmer.",71.46076774597168,72.97795867919922
There are probably the first rain showers in the northwest around late afternoon or evening.,74.46543598175049,73.47219562530518
"A fresh wind from east to southeast is also weak to moderate in the north on the North Sea, and it is strong with stormy gusts on the mountains.",73.80032730102539,67.0073013305664
"Still unsteady on Thursday, but it will slowly be friendlier from the west from Friday.",70.69745922088623,69.22275924682617
"The wind in the north half is from east to northeast, weak to moderate on the mountains, with gusts even strong, otherwise from different directions.",72.05377864837646,68.5067081451416
The wind typically comes from various directions and blows gently.,76.3773422241211,55.77099609375
"On Monday, it is changeable, with the sun sometimes appearing, especially in the eastern half, along with some strong showers and thunderstorms.",81.90369033813477,83.0573616027832
Away from the weak to moderate wind of thunderstorms,49.521039962768555,50.67990493774414
"From the southwest to the middle, it usually stays dry.",74.72056198120117,74.4798355102539
"Tomorrow, temperatures on the coast will range from eighteen degrees to twenty-six in the Breisgau.",71.38694763183594,72.50494384765625
"A strong wind blows again from the southeast above all things over Western Pomerania, in addition.",53.12924337387085,45.39909648895264
It will be more changeable again from Sunday as it goes down.,67.05817699432373,60.94421195983887
"Among the rain clouds in the east, it remains milder with fifteen to sixteen degrees.",84.13034343719482,86.51590538024902
"And now the weather forecast for Tuesday, June twenty-first, tomorrow.",74.3410873413086,72.89778995513916
"Tonight, mild sixteen on the Saar, only eight degrees on the Elbe.",60.338510513305664,56.83568000793457
"Tomorrow, on the Hochrhein, warm thirty degrees, fresh eighteen on the North Sea.",67.668044090271,66.61650466918945
"On Thursday, there is still a stormy wind, at least in the north, in this cooler but actually more pleasant air.",63.45272064208984,54.14031457901001
Air flows very mildly to us.,78.29358100891113,58.14061641693115
"And now the forecast for Tuesday, nineteenth April's weather for tomorrow.",91.90278434753418,87.0665454864502
"Tomorrow, in many places, especially in the south and east, thunderstorms are possible and heavy rain may occur at times.",76.98847770690918,69.09662818908691
"Usually, it is heavily cloudy tonight, and it rains or drizzles.",69.95669460296631,69.63376998901367
"Here and there in the northeast, there are more clouds.",74.42687034606934,74.00079917907715
"Often on Friday, the sun seems to be away from the fog areas.",82.10549068450928,83.1008939743042
"Tomorrow, in the north and west, twenty to twenty-three degrees, otherwise twenty-five to twenty-nine degrees.",79.39217758178711,73.34892845153809
"Including mild air, this low pressure area is in your luggage.",79.64372539520264,66.48431205749512
"The floor remains frozen on the Rhine, as I mentioned, but the location relaxes with positive temperatures.",71.07611274719238,70.01487350463867
This picture here usually remains cloudy as it does.,56.039493560791016,52.22136211395264
"In the west, we hardly have snow anymore, but there are exceptions in the low mountain range.",74.78338050842285,73.32947540283203
"However, in the west, it is a little milder with minus four to minus seven degrees.",83.81767272949219,83.64166069030762
Good evening and hello dear spectators.,81.25218677520752,79.76492309570312
Tomorrow it will be similar again in the southeastern half of.,66.50222969055176,65.34165573120117
"In the next few days, this will no longer be the case; overall, it will then be a bit cooler, especially for the weekend.",72.19902229309082,70.38131713867188
We can expect quite cool shower weather on Sunday under the influence of low pressure.,59.52992057800293,46.298763275146484
"This night on the edge of the Alps, the temperature ranges from six degrees up to fifteen degrees on the Oder.",73.0652904510498,71.58123779296875
Thursday on similar weather,65.51762771606445,65.75077724456787
"Initially, it is friendly in the southwest on Friday.",75.54576110839844,70.94504165649414
Temporarily it rains otherwise.,71.35349559783936,60.08419227600098
"In other parts of the country, thanks to a high-pressure zone ranging from the Biscay to the Shetland Islands, it usually becomes friendly.",74.75123691558838,65.10226440429688
"Usually, it is friendly in the western half on Tuesday, otherwise, there are showers or thunderstorms in places.",90.5763454437256,85.63839530944824
The risk of flooding rises again.,52.707855224609375,52.75642108917236
The weather in the southeastern Mediterranean is only slowly calming down.,69.98023319244385,68.3924331665039
On the day in Emsland twelve degrees up to three degrees on Usedom.,57.29368782043457,58.06520080566406
"On Friday, partly sunny in the extreme south, still partly rainy at the beginning.",76.58331489562988,69.51896095275879
"The rain, sometimes heavy, spreads to the south through the middle of the day.",45.931264877319336,49.362351417541504
"Single showers on the Elbe in the northwest, however, much friendlier again.",76.1235179901123,71.33784103393555
Individual showers and thunderstorms also occur on the North Sea otherwise.,32.37565088272095,32.01216125488281
"Initially, it rains a bit in the mountain country, and there is also snow in the west and northwest in the afternoon.",67.39980030059814,68.09697914123535
"And now the weather forecast for Wednesday, the eighth of September, tomorrow.",84.45237350463867,78.86615753173828
"In the north, the wind is weak to moderate, partly fresh from the southeast to the east, and later in the southwest, it turns to a heavy southeast wind with stormy gusts along the coasts.",74.93310356140137,71.73546028137207
It rains especially in some places in the south and east on Thursday.,68.77764892578125,68.95933532714844
"Especially in the east and south, showers or thunderstorms on Sunday are mostly otherwise friendly.",86.62835121154785,85.31930255889893
"In the new week, the weather becomes significantly cooler and changeable.",82.54883193969727,79.53376293182373
"On the day, it was ten degrees on the North Frisian coast and twenty degrees in Lower Bavaria.",67.19937515258789,70.82689476013184
"Then, the new clouds are pushing up here in the northwest. In the afternoon, the first splashes of rain appear on the North Sea, and the wind is freshening up from the south-southwest.",65.2073335647583,74.41751098632812
"In the next few days, we mostly expect cloudy weather with a little rain or snow, as Germany remains under the influence of gravure.",73.6590690612793,61.20569324493408
There are individual snow showers tonight.,61.51302337646485,63.84134101867676
The freezing rain is also local to the northeast.,62.15191650390625,58.32254981994629
"Additionally, a weak to moderate wind blows from the southeast to the south.",76.55290699005127,70.70276641845703
"Tomorrow, northeast of the Elbe, there will sometimes be only minus one degree and seven degrees.",79.20981693267822,64.51837921142578
"The temperatures remain cold with us until Friday, where the air goes back.",75.43063831329346,71.20718383789062
"In the north, the wind will be weak from different directions; otherwise, it will blow moderately.",71.88394165039062,67.54358196258545
"In the altitudes of southern Germany, fresh wind.",72.69841957092285,75.13628578186035
Little will change even at the beginning of the coming week.,64.75376510620117,60.20296001434326
"And now the weather forecast for Monday, the eighteenth of April tomorrow.",85.68451118469238,80.34851455688477
A lot of sun otherwise with a few loose clouds in the northwest and an individual shower falling in the afternoon.,70.50994491577148,69.89413642883301
"Tonight, there are also showers on the coasts in the south, but they gradually let go there.",81.86135292053223,80.24207019805908
"In the northern half of the day, snow or freezing rain in the north half.",51.13891410827637,52.53783130645752
The strong thaw continued to be accompanied by further rainfall at the weekend.,68.45816898345947,58.22547149658203
"And now the weather forecast for Saturday, October thirty-first, tomorrow.",80.33759307861328,79.91364479064941
"In the eastern half, the sun often appears away from the areas of fog.",79.92415237426758,81.93478584289551
"During the day, there are increased clouds towards the west, but it remains largely dry.",73.54432678222656,72.13727188110352
"At the beginning of the night in the south, there are still clouds that drop a few drops here and there; otherwise, it is usually clear or only partly cloudy.",72.81782817840576,57.327693939208984
"In Bavaria and in the northwest, fog forms especially.",71.08148002624512,72.19615173339844
"Tomorrow, the sun will be spreading after its dissolution.",59.14662742614746,54.174293994903564
The high-pressure zone otherwise ensures that friendly weather ranges from the Atlantic to Scandinavia.,77.85825729370117,76.16473388671875
Seven degrees on the Baltic Sea and fifteen degrees on the Rhine on the day.,78.21665000915527,78.14919853210449
"On Saturday, there is a lot of sunshine, especially on the coasts and Alps, but it is also cloudy.",80.07886219024658,77.89023399353027
"In the very south, showers are possible individually.",78.06254768371582,79.73755264282227
"As soon as the fog clears during the day, the sun shines.",60.74552917480469,59.21210289001465
"Occasionally, there can be individual showers on the southern coasts through the clouds.",63.6806697845459,56.82276916503906
"The wind blows weak to moderately from west to southwest in the north; otherwise, the wind is weak from different directions.",77.94465446472168,70.49037837982178
Some of them including snow,68.61959457397461,67.14474105834961
"In the north, it will still be dry in contrast.",63.80314254760742,60.212265968322754
"In the morning, we have snow and snow.",69.28556442260742,60.39680290222168
Something calms down on Saturday.,69.2110767364502,68.12914276123047
"In the course of Sunday, it will be a little colder from the east.",84.69936847686768,80.81525421142578
"Wishing you a pleasant evening, and may you do well.",55.60263109207153,51.0086407661438
It is also sometimes clear.,82.52988624572754,74.74295234680176
"Later, violent thunderstorms discharged here and there in the south.",75.74316883087158,63.216980934143066
"Tonight, warm temperatures will range from thirteen to eighteen degrees.",71.20934009552002,75.50167465209961
"Individual heat waves, especially in the southern mountain country,",62.6351318359375,71.64445686340332
That means light to moderate snowfall and further permanent frost.,70.21541213989258,68.42412948608398
The weather is slowly calming down at the weekend.,76.74002075195312,73.47671508789062
"In the north, it is easy to see bright spots on Saturday.",71.84136390686035,62.02368927001953
"Especially tonight, snow showers will occur in places from Baden Württemberg to Saxony.",78.9147834777832,69.80645751953125
Exercise caution because of the road by the roadside.,64.43343734741211,55.21280574798584
"It will be pretty icy tonight, especially in the low mountain ranges.",71.07404327392578,68.15336894989014
"Probably, it will only start to snow in the southwest in the course of the night or in the morning.",51.7186336517334,49.975162506103516
"However, on Friday, the thunderstorm is slowly going down in the east.",67.04646110534668,67.16516876220703
Cool autumn weather that is now just part of it from Saturday and Sunday.,75.56229019165039,70.61054134368896
Have a nice evening and goodbye.,66.42316246032715,71.47148895263672
"Tomorrow, the weather will definitely be high above the North Sea in the whole country.",61.403000831604,57.159111976623535
"Even on the weekend, it offers plenty of sunshine with rising temperatures.",87.10096549987793,83.54986953735352
Sixteen degrees on the Baltic Sea and up to twenty-seven degrees on the Upper Rhine on the day.,85.22392654418945,83.36626052856445
"Usually, the wind blows weakly from different directions.",68.49536609649658,60.71325874328613
He also lives a little up on the lake and comes from the west.,62.640525817871094,56.81103324890137
"Tomorrow, another deep that is over Spain will ensure it will snow hard on Friday.",78.93064498901367,79.06871891021729
"It can snow a little at night, especially towards the coast and in the southwest.",73.47628784179688,63.15220642089844
I hope you have a pleasant evening and enjoy it thoroughly.,72.01296997070312,58.16974925994873
"Tonight, twelve degrees in Cologne, one degree in Brandenburg Bay.",77.84434509277344,72.15802001953125
"On the day, eleven degrees in the Vogtland and twenty-first degrees on the Upper Rhine.",80.73023223876953,78.07062530517578
"During the night, it especially rains from Schleswig-Holstein to the Oder and in the south.",55.0773720741272,54.43098545074463
Four degrees in the Sauerland and twelve degrees in Breisgau on the day,88.75185775756836,86.41100311279297
Nineteen degrees on the North Sea and twenty-six degrees in parts of Thuringia and Saxony on the day.,58.87240219116211,61.19375038146973
"And now the weather forecast for Wednesday, January twenty-seventh, tomorrow.",86.2234354019165,82.76301574707031
Tomorrow we can expect quite quiet winter weather in many places.,77.35335922241211,78.51450729370117
"When it has disappeared, the sun will appear in the south tomorrow, while the clouds continue to spread towards the Danube, creating bigger gaps.",69.28795433044434,70.3757095336914
"In the southeastern half of Germany, it will remain quite friendly under the influence of light high pressure tomorrow.",74.70858573913574,75.08788013458252
"Thanks to the influence of high pressure, the northeast of Germany is usually on the sunny side.",68.99001026153564,70.40508270263672
"Especially at night in the northwestern half of the northwest, showers and potentially violent thunderstorms must be expected.",82.91038227081299,83.18114280700684
"Dear spectators, good evening.",82.30365943908691,80.97262763977051
Up to five centimeters of snow can still fall in the next few hours.,85.20313167572021,79.1547622680664
"On Tuesday, in the east and south, individual showers with medium layers of snow, otherwise partly cloudy with fog or sun.",74.03559303283691,70.74814796447754
"Rain moves up from the North Sea on Wednesday, which spreads on Thursday.",69.49299240112305,67.32650756835938
"a mixture of fog, clouds, and sun towards the southeast",66.46651458740234,60.53778076171875
"In the northeast and west of the Rhine, it usually stays dry.",82.51216888427734,76.39815711975098
"Partly cloudy or foggy, it is partly friendly with sunshine.",74.9914026260376,77.07251167297363
It will be a lot friendlier.,71.96220111846924,75.7184886932373
"Tonight, we have a little bit of struggle with rain on the coasts, but we're not quite there.",45.56747817993164,51.04736328125
"In the southern half, the wind blows weakly to moderately towards coasts and gusty fresh and strongly.",67.83371543884277,67.14490795135498
"Calm, dry weather, especially in the north, is quite friendly on Friday, similar to Saturday's weather, except in the north where there is a little snow or freezing drizzle.",74.7592945098877,80.46572685241699
"Good evening, dear viewers.",79.95360565185547,77.6732063293457
"Since yesterday, a tough weather change even with tornados.",56.969635009765625,61.34556293487549
The next significant rain for us is likely not expected until Thursday.,71.8565845489502,67.7023572921753
"Tonight, stormy gusts on the local Baltic Sea.",83.42443943023682,68.58429336547852
"Tomorrow, a fresh wind from southwest to west with weak to moderate strength on the lake.",74.14511489868164,69.28268718719482
I wish a nice evening to you.,69.34103965759277,60.67060089111328
"Later, a lot of sunshine and a few spring clouds form here and there again.",77.64715766906738,77.87861824035645
"It remains windy in the north on Wednesday and Thursday, and there is rain in some areas there.",65.64363861083984,65.40061569213867
"Every day, it gets friendlier from the south.",65.5974760055542,56.383259773254395
"Dear spectators, good evening",69.47779846191406,70.23406410217285
"A cold, frosty night lies ahead of us.",60.84956359863281,58.818742752075195
"And now the weather forecast for Tuesday, May twenty-fifth, tomorrow.",85.12443161010742,81.88852310180664
"And now the weather forecast for Thursday, August twenty-seventh, tomorrow.",85.01072406768799,80.94552421569824
It gets much cooler and very windy in the north on Saturday.,74.60224151611328,74.75554275512695
Temperatures and sunshine duration will rise again as of Sunday.,82.58082866668701,78.64052486419678
"This results in thunderstorms and violent showers, some of which can be stormy.",71.02083778381348,67.82381534576416
Heavy rain and hail must be expected at the beginning of the night in the south and east.,73.20266342163086,63.88215637207031
"This evening it is dry in the southeast, but in the northern half it rains heavily.",74.37240314483643,73.0733413696289
There is snow here and there in the very north.,64.03108501434326,61.141305923461914
"Usually at night, it is clear or only slightly cloudy, especially in the river lowlands in the middle and south, and a few fog fields appear in Wabern again.",72.76627826690674,72.06763076782227
"And now the weather forecast for Friday, the twenty-eighth of August, tomorrow.",85.44941902160645,82.54781723022461
A deep moves from Scotland to Norway.,86.90822410583496,77.14155197143555
"Tomorrow, his cold front will also reach Germany, including clouds.",39.08640193939209,34.210509300231934
The high above Scandinavia moved slightly to the east.,58.89390468597412,58.51310157775879
"Dense clouds are on the way in a strip from Emsland to Lausitz; otherwise, it is partly cloudy but clear.",71.24169731140137,65.50712013244629
It becomes increasingly cloudy during the night.,73.23895263671875,70.41364097595215
The deep Mediterranean strong influence extends to the north and ensures a cloudy sky in almost all of Germany tomorrow.,67.07538032531738,66.42272853851318
"Otherwise, it will stay dry in the north tomorrow; elsewhere, there will be a common rain.",81.72438716888428,76.84599113464355
"In parts of Bavaria and Saxony, there are also cloud gaps in addition to showers and thunderstorms.",84.52541255950928,85.02682590484619
"Rain in the day, especially in the north.",61.24241638183594,57.46148872375488
"On the weekend, it becomes slightly warmer with thunderstorms, showers, and occasional sunshine in variable weather.",70.4438419342041,66.85482120513916
"Tomorrow, these rain clouds will spread towards the west across the middle, but primarily to Baden-Württemberg and Bavaria.",86.10062217712402,84.15754699707031
"And now the weather forecast for Saturday, April second, tomorrow.",78.7240047454834,75.47646713256836
There are still many clouds northeast of the Elbe tonight that initially bring a few drops.,77.22405052185059,72.30108070373535
Much cooler and changeable everywhere.,64.44892501831055,60.44341278076172
It will slowly become warmer and friendlier from Tuesday.,63.17545127868652,66.12293529510498
This extends to Germany's southern region.,54.270681381225586,59.04703903198242
"Tomorrow will ensure a friendly, quiet weather.",42.23690462112427,31.283396244049072
"On Saturday, more clouds than sun are expected in the southeastern half of the southeast, with partly heavy rain towards the northwest and only individual showers.",77.60620880126953,75.72524452209473
"The wind blows moderately to fresh with strong to stormy gusts in the mountains, sometimes with heavy gusts of wind in the southeast where the wind is only weak.",79.5807933807373,77.43697929382324
"On Monday, it rains, especially in the north and east, and it is most likely to be a little sunny in the south, especially in the east.",66.24619579315186,65.73827362060547
"And now the weather forecast for Saturday, December the twelfth, tomorrow.",75.69257354736328,72.49686622619629
"Tonight, heavy rain sometimes pulls eastward.",52.66067123413086,50.15281677246094
"In the north and middle, it loosens up partly on the North Sea behind it, with short thunderstorms.",74.42209053039551,67.65184211730957
"At night in the north, the wind already lives on storm gusts, with individual stormy gusts on the mountains.",76.6404857635498,73.64890193939209
"Above the Baltic Sea, a deep still brings snow to the north of Germany.",59.4287633895874,60.7491340637207
"The sun usually appears on the weekend, and it becomes even warmer.",77.47997093200684,77.98144435882568
"There are more clouds on Monday, but it remains warm and friendly for a long time.",72.61809730529785,72.24449729919434
A light south wind blows only.,76.87286758422852,69.8771800994873
"And now the weather forecast for Friday, November twentieth, tomorrow.",77.62232398986816,74.36426544189453
"In the south, the wind usually blows only weakly to the north, while temporarily strong to stormy gusts of moderate fresh wind occur on the coasts.",77.25650119781494,76.6050443649292
"In contrast, it remains deeply to be blamed towards the southeast of this over Hungary.",73.34948921203613,72.3089246749878
The weather in Germany is determined by partially cold moist air.,78.9024133682251,76.04318237304688
"Gaining strength again, this gives us a lot of sunshine and most summer temperatures at the weekend.",71.62847518920898,72.71672439575195
"During the night, showers and thunderstorms in the southeastern half become less and less common, but this also applies to the evening.",65.64445304870605,48.99668884277344
"It is usually only cloudy, or fog forms clearly in places otherwise.",69.17229747772217,68.55422592163086
"Tomorrow the sun shines here, and sometimes a few thicker clouds appear.",74.24049091339111,74.7811107635498
"Especially in the south, from the Bavarian Forest to the Alps, there are individual showers and thunderstorms in the afternoon.",82.49000549316406,81.60475158691406
Severe weather warnings of the German Weather Service apply correspondingly.,77.26634788513184,69.6442174911499
"On Monday night, they move over us.",74.40295791625977,78.03287410736084
The coming night is usually clear.,53.2591495513916,48.84000301361084
"Especially towards the east on Tuesday, longer friendly sections are next to it, but also showers and thunderstorms.",82.37914848327637,81.87960433959961
The clouds in the north and northeast during the night will be the first drops on the Baltic Sea of poets.,67.51776695251465,62.18402671813965
Clouds usually only loose otherwise.,78.4119815826416,70.5037899017334
The low ensures clouds but only a little rain falls.,69.84398174285889,67.87205410003662
The temperatures will range from nine degrees on the Baltic Sea to seventeen degrees in the Breisgau tomorrow.,78.07113933563232,78.66229438781738
The week is also new and growing quite cool.,77.11695861816406,76.78755187988281
"During the day, the sun in the south seems widespread, and later in the west, some areas form sweating clouds.",75.77575302124023,74.51726627349854
There is possible frost in unfavorable trough locations and there.,62.84664535522461,61.35022258758545
"In the north, the wind blows fresh to strongly with individual gusts, while in the south of the Baltic Sea, moderate winds occur, and hurricane gusts are possible on the mountains.",80.49064064025879,66.21385860443115
"They do not see, however, the rain clouds that reach Central Europe.",61.73309516906738,60.875325202941895
"Most, of course, are happy about it because even tomorrow there will be no shower; instead, a lot of sunshine.",62.753058433532715,64.17572116851807
"Tomorrow, temperatures will range between minus six and plus five degrees.",67.03733539581299,60.94041347503662
And now the weather forecast for Thursday tomorrow.,73.11367607116699,71.7410945892334
A dry mix of sun and clouds is next to partly tough fog fields in the east and southeast.,83.22807312011719,66.9656982421875
"At the beginning of the night, thorough individual showers are possible in the east and southeast.",59.02949523925781,46.41421318054199
Gusts still stormy on the lake at night.,62.53639793395996,55.37250900268555
"Due to the large differences in air pressure near the low center, the coastal environment will be stormy tomorrow.",63.99023628234863,65.46030330657959
The high moving towards Eastern Europe will definitely be shifting our weather in the coming days.,71.19480037689209,69.41595458984375
"Sometimes it is foggy in the lowlands, while a few kilometers next to it on the mountains, it is consistently sunny.",80.86096954345703,77.6175308227539
"And now the weather forecast for Friday, October tomorrow.",81.50189208984375,77.70449542999268
"Dense clouds are occasionally evident in the north tonight, and some rain falls especially.",71.21034812927246,68.63346672058105
"In the southern half especially, fog or high fog can again hold itself tough tomorrow.",83.62837600708008,82.74599933624268
"This night, four degrees in the Allgäu and thirteen degrees on the North Sea.",82.57828521728516,76.81698513031006
"In the next few days, the high-pressure weather, calm, dry, and sometimes quite friendly, will accompany us.",82.95302677154541,66.77264308929443
"On Friday, it also snowed heavily in the west and south in various locations.",87.1507797241211,77.03153610229492
"Dear spectators, good evening.",79.22326850891113,78.70588684082031
"Tomorrow, it will be a fairly trip over day in Germany.",66.46888446807861,60.852821350097656
The wind blows weak to moderate from south to west.,74.86782836914062,74.35538005828857
Stormy gusts can also be there.,77.4240951538086,77.73726654052734
"Tomorrow in the eastern half, temperatures will range from ten to thirteen degrees, while in the west, they could rise up to seventeen degrees.",75.63972854614258,71.19690322875977
It is inconsistent again on Saturday.,73.42630004882812,72.6298999786377
"In the northeast and parts of Bavaria, it is still the friendliest.",82.86305809020996,70.67301940917969
There are also thunderstorms from time to time on Sunday.,82.566162109375,78.56024265289307
Sometimes it is raining longer in the southeast.,81.41832542419434,69.397629737854
"In the upcoming days, air pressure changes ensure falling temperatures and variable weather.",71.46606826782227,58.99554920196533
"Tomorrow, south of the Main, spread friendly.",71.78757762908936,66.0491886138916
"Many clouds, otherwise, bring only rain showers and occasional thunderstorms in the middle of the day in some places.",50.07747459411621,54.415791511535645
"The fresh west wind is weak in the north, more moderate on the coast, and temporarily strongly gusty.",55.02421998977661,57.38066577911377
"On the Lower Rhine, there are two to nine degrees, otherwise ten to eleven.",86.8750057220459,79.52418327331543
"After the fog resolves in the south on Sunday, it's often sunny, but there are many clouds and some rain in places otherwise.",76.99007987976074,75.32559585571289
An air mass boundary across Germany is where the cooler sea air separates from the hot air of the southeast.,81.29621315002441,78.02762031555176
A high-pressure area that gives us common sunny and dry weather is expected tomorrow.,81.30282211303711,79.66018104553223
"Near the Rhine, along the Rhine, cool fifteen to sixteen degrees, twenty-three to twenty-six degrees.",91.55395793914796,91.92049503326416
"In the northeast, it usually stays dry.",76.56586456298828,68.98496341705322
It only snowed something on Saturday.,63.907283782958984,65.17258644104004
The sun can show from time to time.,69.52191162109375,66.6391019821167
The north will be very windy on Saturday.,72.40857982635498,73.24788475036621
"In the new week, little changes too.",73.08370208740234,67.78527641296387
"Tomorrow, it will usually remain cloudy with a little rain in the north and northeast of Germany.",80.60690498352051,65.76203918457031
"Tonight, there are many clouds in the north and northeast, or something like rains or drizzles.",71.6488094329834,72.95166969299316
"Sometimes there are dense clouds or fog tomorrow, but also sun, especially in the south.",76.34814262390137,73.15351676940918
"It usually stays covered in the north and northeast, and there is some rain there.",74.12475395202637,74.44171047210693
Values near freezing point in the south,43.16133499145508,39.718886375427246
Temperatures of eight degrees in the northeast to seventeen in the southwest tomorrow,83.67721557617188,83.56309413909912
"Mostly friendly in the northeast on Tuesday, with denser clouds and some rain.",74.26227378845215,73.7609338760376
"And now the weather forecast for Tuesday, the fourteenth of September tomorrow.",85.98005867004395,84.72641181945801
That won't happen at the weekend.,55.3147873878479,51.824951171875
"Evening dear spectators, good.",82.65999603271484,82.43543815612793
the outlook,74.59588623046875,74.59588623046875
"In the northern half on Wednesday, Regenschauer to the south.",76.4022159576416,76.31617259979248
"Over Germany, a strong high is established that will give us plenty of sunshine in the next few days.",79.73803329467773,84.04491424560547
"And now the weather forecast for Thursday, March third, tomorrow.",77.63797187805176,73.23827838897705
"Tonight, on the Lower Rhine, only six degrees in the east and fourteen in the east.",82.56743049621582,70.98144435882568
"Thirteen degrees in the Erzgebirge tomorrow, otherwise fifteen to twenty-two.",80.36017036437988,72.14433479309082
"During the night, it easily snows on the coasts and initially in deep locations, where there is rain too.",75.0794620513916,80.04024314880371
"On Sunday, there are many clouds of rain or snow in the snowy mountain country.",74.96592140197754,72.30943870544434
"And now the weather forecast for Sunday, December Fifth, tomorrow.",78.73508644104004,75.76375007629395
"Tonight, high fog-like clouds are kept here and there, but mostly sparkle.",71.82455444335938,62.69788360595703
"Near the showers, stormy gusts occur in the north and west as well.",81.51685905456543,72.95686340332031
"In the evening, hurricane-like gusts and heavy winds also occurred on the mountains.",75.51481914520264,74.72982120513916
"At the temperatures, little changes.",71.61768054962158,57.531089782714844
"Towards the north and west, it is quite friendly.",72.6205005645752,61.122093200683594
"The wind often blows moderately on the lake and in the east, with strong gusts in the higher layers of the eastern half of the wind.",80.82797145843506,77.84399795532227
They become less common today but withdraw towards the coast.,67.06168174743652,64.88084411621094
It is partly cloudy in the southern half.,74.54086494445801,67.75058937072754
Fog can occasionally form in the early hours.,71.48896598815918,73.9844102859497
"The clouds predominate in the northeastern half tomorrow, and there are individual showers.",78.81712436676025,77.84286308288574
"Tonight there are still a few showers or thunderstorms in the south; otherwise, it is usually clear or only partially cloudy.",79.04158210754395,78.23886680603027
"Tomorrow in the eastern half, it will be sunny with clouds later, along with local showers or thunderstorms.",78.94892978668213,78.2780065536499
"The wind blows weak to moderately from northwest to north, apart from shower and thunderstorms.",56.37376689910889,46.10873222351074
Temperatures of fifteen degrees on the North Sea to twenty-four on the Rhine tomorrow.,69.67690849304199,69.83177185058594
This weather changes little on Sunday.,79.47627830505371,75.65510940551758
"And now the weather forecast for Saturday, the eighteenth of July.",82.59781169891357,77.80008506774902
The weather is changeable tomorrow in the cold air flowing behind it.,73.20437240600586,66.02009582519531
There are heavy rains and sometimes violent thunderstorms in the eastern half and south tonight.,76.3969554901123,66.04635810852051
The German Weather Service has issued severe weather warnings correspondingly.,67.13451385498047,58.66729736328125
The air comes mild from the southwest.,71.9043025970459,63.63414001464844
"And now the weather forecast for Monday, November twenty-eight, tomorrow.",79.00885105133057,79.3435115814209
"Tomorrow, at the end, only two degrees on the Lower Rhine in the south, up to eleven degrees.",77.0963306427002,73.73873710632324
This uncomfortable and quite cool weather sees little changes on Sunday and Monday.,80.47439861297607,81.28733444213867
"Tonight, temperatures range from seven to fourteen degrees in Upper Franconia and reach up to twenty-two degrees in the south.",73.33237266540527,70.42075729370117
"In the southern half, it is friendly on Saturday in the northern half.",78.86542320251465,78.05159950256348
"In the coming days, the cool air from the deep over Eastern Europe will remain with us first.",75.02489471435547,76.67702865600586
"On the day, long-lasting rain initially in Brandenburg and from Schleswig Holstein to Western Pomerania.",61.3674259185791,58.2805061340332
It is still raining a little near the coast on Saturday.,64.84146404266357,62.872520446777344
"Even in the coastal area, it is close to thirty degrees.",55.60835886001587,54.56318140029907
"Tomorrow, moderate wind from the south to southwest on the North Sea with strong gusts, will be weak again in the north.",65.99379348754883,60.78757953643799
Tonight values between four degrees on the Alps and fourteen degrees on the lake.,77.7532148361206,71.21098232269287
"It stays on Wednesday, yes and so.",73.50467300415039,71.5135726928711
"On Thursday, the heat returns to the south, while we have cool shower weather in the north.",77.33556175231934,78.28872776031494
"And now the forecast for the weather on Friday, October Ninth tomorrow.",81.95465278625488,79.84858322143555
"Tonight, stormy gusts from the west on the Baltic Sea.",80.1060791015625,62.33169364929199
"Tomorrow, a weak to moderate east wind.",70.35909366607666,66.19844436645508
A rain area crosses us from west to east on Saturday.,83.05720138549805,76.9764347076416
"However, friendly sections in the east",56.70213890075683,56.58228302001953
"Later, there are also gaps in the west cloud.",69.60084533691406,70.26628112792969
"In the low mountain ranges, under clouds in the northwest, temperatures may drop to twelve degrees for four tonight.",86.13052940368652,79.51858901977539
"To the east, it is usually sunny.",86.05645561218262,83.1220760345459
"In addition to the sun, sometimes heavy thunderstorms also on Monday.",69.76367950439453,67.78414821624756
"Otherwise, it might just be a leaflet, but not at all.",64.92119216918945,61.98909568786621
Nice evening have a.,67.40831184387207,65.00964546203613
"Even in the middle and the south, stronger clouds tomorrow.",82.03225803375244,78.30466270446777
It is possible for a little snow in the eastern mountain flanks and on the edge of the Alps.,80.95990371704102,82.26510047912598
The temperatures tomorrow range from one degree in the Vogtland to nine degrees on the Upper Rhine.,86.58316993713379,84.93367290496826
"In the southeastern half of Germany, it remains the longest under the light high pressure influence friendly, but later there can also be a lot of cracking there.",68.53664207458496,68.88153648376465
"In the northwestern half, the sun is partly strong again and again in the afternoon.",61.9976806640625,57.54745864868164
This weather does little change on Thursday and Friday.,78.16774368286133,79.13994216918945
The sultry heat and the thunderstorms can be stormy locally in which something else.,70.59285736083984,69.6895923614502
"With deep Ophelia, the cold air is driven towards Central Europe with strong showers.",56.375749588012695,56.91320514678955
It will even snow in the Alps.,88.23141193389893,79.82627296447754
"It looks like a few significantly warmer and sunnier days, but then even relatively cool.",84.45065784454346,69.57141876220703
I wish you a nice evening now.,74.92925834655762,65.78786087036133
"And now the weather forecast for Thursday, the nineteenth of November, tomorrow.",80.35393524169922,77.8975772857666
"On the edge of the Alps, the temperatures climb up to ten degrees.",85.4650468826294,82.68027687072754
Masses of water that come together can cause floods.,71.51255798339844,68.45686721801758
"It is usually very cloudy during the day in the southeast, especially on the Alps, with rain to be expected.",85.41537952423096,85.30113792419434
"Tonight where it is clear, the temperature is eight to two degrees for a long time.",84.3781795501709,76.87496376037598
It is clear where tonight.,50.54536247253418,52.93930244445801
"Here and there, Wednesday and Thursday are changeable, and some rain or snow is increasingly possible in the lowlands.",76.24533653259277,73.20254325866699
Mild air flows to our Germany tomorrow between the deep near Scotland and the high over southern Europe.,73.20935249328613,71.40102672576904
The highest temperatures of the week are expected in some places.,58.30525970458984,54.84231662750244
It only gets a little cooler after that.,63.02931308746338,61.0180721282959
"In the northwest, stormy gusts must be expected tonight, especially in the north of the region.",71.96836948394775,67.91561985015869
gusts of heavy wind on the North Sea,51.83188056945801,50.94075870513916
Gusts like a hurricane are possible on the mountains.,66.97990417480469,64.43427848815918
"Tonight, eleven degrees in the north and a degree on the Alps.",80.79463958740234,79.17740631103516
"In the middle, ten degrees on the day, sixteen degrees in the south in higher locations.",82.70101165771484,79.01378440856934
"On Thursday, gusts of storm especially here and there in the northwest half.",74.85079193115234,71.36607933044434
The North Sea's thunderstorms,67.93836402893066,68.41538429260254
Sections in the south and east that are friendly.,50.2324481010437,50.96052885055542
"In the western half, the rain in Schauer enters the mountains as snow showers.",78.7505874633789,77.17678642272949
"Tonight there are dense clouds in the north, especially north of a line from Emsland to Uckermark; it is sking.",43.69412422180176,42.75582504272461
"Largely dry in the west and northwest, with cloud gaps here and there, locally forming fog.",71.75037384033203,70.83177471160889
"Tomorrow, in the southeastern half, further strong rainfall is expected, sometimes with layers of medium snow.",72.65785121917725,72.69944095611572
"Partly friendly, partly cloudy and mostly dry in the northwest half.",69.69887161254883,61.036190032958984
"Wind from north to west, weak to moderate.",66.5245532989502,66.69750785827637
"On Wednesday, a mixture of sun, clouds, and fog fields will appear in the northwest here and there; otherwise, it will be dry.",91.3773250579834,92.63074493408203
The deceptive starry sky in the west is misleading because it will rain again tomorrow.,77.8118543624878,74.01276206970215
"However, in the west, the clouds are increasing later and it begins to rain.",79.66618251800537,78.30179214477539
"At the start, snow is also present in the mountains.",73.9120922088623,73.24020767211914
The area of rain will otherwise move east.,60.15605640411377,64.97344303131104
"On Monday, it is cloudy towards the coast and Alps, but the sun shines and it only rains occasionally.",85.41738224029541,81.46540927886963
I wish you a nice evening now.,77.887864112854,75.12260055541992
"A wind blows moderately from southwest to west in the north, sometimes fresh on the coast, even strong.",66.32070350646973,63.25876426696777
"In the north, gusts are also possible and stormy.",60.75771903991699,56.64906024932861
twenty-two degrees there tomorrow,72.43128395080566,74.20189189910889
The North Sea is only sixteen degrees cool.,61.80144119262695,51.26531219482422
"On Sunday, it will still be cloudy, especially near the coast and in the north.",83.44245719909668,75.30517482757568
a lot of sunshine otherwise,67.5610122680664,64.17057418823242
Partly strong showers and thunderstorms move up again from the west on Tuesday in the evening.,74.62722206115723,70.53907775878906
The heat over Russia is dry with thirty-five to forty degrees.,69.78684425354004,69.30501079559326
The fires will continue to smolder this week so that this remains the case.,56.6676721572876,48.011966705322266
"Tonight, it gets really fresh with ten eleven degrees in the southeast because there are about us.",77.86400508880615,72.95176982879639
"And now the weather forecast for Thursday the seventeenth, tomorrow.",83.119873046875,81.19198513031006
Flakes and many clouds are also present during the day.,59.185733795166016,57.02462291717529
"Sometimes, in the north and the far west, it snaps stronger and can get smooth.",74.02239513397217,72.58843040466309
It also loosens up in the middle.,75.57309150695801,68.84530067443848
"Except where it rains now, the temperatures remain a bit cooler.",77.08673095703125,78.87793350219727
It sometimes ensures violent thunderstorms together with the humid air.,76.36059951782227,69.08548641204834
The German Weather Service has issued severe weather warnings accordingly.,60.959686279296875,60.37015342712402
"Tomorrow morning, despite all the heavy rain, some thunderstorms are still lingering in Brandenburg, with heavy rain in Western Pomerania and on the Baltic Sea.",72.39997482299805,69.81278610229492
It won't be so warm at twenty degrees in the next few days.,69.85926246643066,65.24063873291016
"In the south, we have the warm, humid storm air, but it is still sunny.",79.53602600097656,70.2716817855835
"In the evening, the thunderstorms arrive there only.",69.30704689025879,63.63978099822998
"And now the weather forecast for Thursday, April tomorrow.",78.46714973449707,76.75813865661621
"Ladies and gentlemen, good evening and so.",70.69755935668945,67.21081733703613
"South of the Spree, the sun seems radiant for everyone, and it will be the same tomorrow in southern Germany.",60.49304008483887,62.04728126525879
We also contact this high.,72.39841270446777,73.0816125869751
only on the weekend but,68.42339515686035,65.12389373779297
There is still some rain in the Bavarian Forest that night.,66.48632144927979,64.35569858551025
The stars often sparkle or fog otherwise forms.,78.0687026977539,75.51220893859863
The temperatures drop to values between five and thirteen degrees.,73.94202613830566,71.07564544677734
We will expect values of seventeen degrees on the coast tomorrow.,73.12326240539551,67.55752754211426
Then the new week starts mixed.,68.9649429321289,65.52571868896484
"Today, that's it for a nice evening.",74.61075973510742,70.60221672058105
"And now the weather forecast for Sunday, December nineteenth, tomorrow.",87.7558536529541,86.72797966003418
There is also rain in the south that can freeze.,67.97115516662598,64.97430419921875
initially weak to moderate wind that comes from the southeastern direction,60.21661186218262,61.95711898803711
The warnings of the German Weather Service apply correspondingly.,64.80950736999512,63.23015213012695
"Tomorrow on the coast, temperatures will range from nine degrees in Breisgau to up to eighteen degrees.",75.63988876342773,72.6345329284668
"On Wednesday, new clouds with local rain or showers are also spreading from the northwest.",78.74238967895508,76.99449920654297
"Little changes in this changeable weather, even in the following days.",72.04364490509033,72.97876644134521
The exception rather are summer temperatures.,58.5317268371582,58.73643779754639
"On Sunday, the sun is cloudy and occasionally quite friendly in the north and on the Alps.",74.79375457763672,73.10310173034668
It is mostly cloudy or foggy during the day.,69.06766891479492,71.00158500671387
"On Sunday, cross an Atlantic deep run-down, and then it becomes milder.",83.01458358764648,80.27581596374512
"Further showers are expected in the southern half on Tuesday, with occasional thunderstorms in the northern half.",82.42420291900635,82.94250583648682
"At night in the north, thunderstorms with locally heavy rain, hail, and gusts of wind pull eastwards.",66.20679569244385,59.64912223815918
It provides rain and smoothness from the west.,69.8014907836914,67.68444633483887
"During the week, it continues very mildly and inconsistently.",59.490840911865234,57.913381576538086
"The wind blows on the sea too, weak to moderately.",61.119436264038086,58.051422119140625
Tonight twelve degrees in the Bavarian Forest and a degree in the Bay of Cologne,76.39521980285645,70.13781356811523
below twenty and twenty-eight degrees on the Baltic Sea values a day between,74.88748836517334,68.40617179870605
"Ladies and gentlemen, sometimes that can go very quickly, so of course you decide whether it is nice.",61.5993537902832,57.31984329223633
"Good evening, and so.",76.3223009109497,76.82748603820801
"In the next few days, the weather distribution will change little, being sometimes a little warmer and a little colder.",80.61161136627197,68.40312767028809
"And now the weather forecast for Saturday, November twenty-one, tomorrow.",83.99754333496094,81.51863479614258
"Tonight, a weak deep runner brings some rain here and there to the northwest of Germany.",65.43163776397705,62.66295623779297
"Under high pressure, it usually stays dry and partly friendly during the day otherwise.",82.43818855285645,82.94103717803955
"Especially in river valleys, fog forms.",72.7379264831543,74.65452575683594
"Tomorrow, even though denser clouds are still there in some regions, it will remain largely dry, but he will hold up tough.",77.23851013183594,73.56241798400879
It will be friendlier in the afternoon.,83.04915714263916,80.79011344909668
It sometimes gets very windy and a little cooler also.,77.76834869384766,74.46802616119385
"It still remains quite mild for the season, though.",74.32648086547852,69.09209537506104
Good evening dear viewers,80.04115104675293,79.05407905578613
The sun is more common to the east.,83.18510818481445,75.72318172454834
"Showers and thunderstorms, especially from the afternoon, on Wednesday.",88.61467170715332,83.44207000732422
Weather similar on Thursday.,79.12651062011719,73.8678388595581
The eastern half still seems to be in the morning and probably even until the afternoon tomorrow.,69.42441940307617,72.77549076080322
There are then a few cloud fields.,69.94962501525879,65.51842212677002
This shower and thunderstorm over the east and the south on Wednesday.,80.5106143951416,77.96950149536133
"It is raining at times in the north on Thursday, while there is a pattern of showers or friendlier weather in the south.",78.26998901367188,66.06546401977539
"In contrast, five centimeters of fresh snow were in the west, and the traffic was already on the highways.",73.86130332946777,71.93805503845215
"Good news, but.",62.56761360168457,60.502973556518555
The sun often seems it.,52.10143280029297,43.6678352355957
"Tomorrow, the clouds of a deep near Scotland reach us from the west.",77.95002174377441,70.95526885986328
"Warnings of the German Weather Service apply to parts of southern Bavaria because there are thunderstorms here and there, as well as in the south.",82.29300498962402,78.87370109558105
"And now the weather forecast for Friday, the twenty-fourth of July, tomorrow.",72.00785636901855,68.12958335876465
The warm moped air is replaced by cooler sea air.,62.62838935852051,62.40272331237793
This sometimes goes hand in hand with storm-like thunderstorms.,55.55766010284424,58.44314670562744
"It will continue to rain heavily in Saxony, too.",71.06665325164795,72.61990642547607
"In Germany, especially in the east, it can rain or snow a little.",72.06928634643555,68.85882568359375
"Tonight, individual thunderstorms are possible in the south; otherwise, rain is only formed in places here and there.",69.32396984100342,68.59640312194824
It is usually dry later.,77.86596775054932,72.16687202453613
"Dear spectators, good evening.",81.9743595123291,80.7390308380127
Europe has a lot to offer in the weather.,55.641066551208496,54.40149545669556
"Tonight, the storm front over the east will initially have individual storm-like thunderstorms.",67.78328704833984,67.34519958496094
Either on the Internet or on the teletext,54.70210313796997,55.85034370422363
"In the north half, with the slightly cooler air up to twenty-four degrees.",53.76314640045166,61.891536712646484
also up to twenty-seven degrees in the south or in the middle,85.29181861877441,81.3962755203247
"In the next two days, the weather in parts of Europe will definitely be determined by an extensive low pressure area.",79.2829761505127,80.68135261535645
"On the edge of the Alps, minus fifteen degrees up to minus two on the Baltic Sea coast.",78.50361919403076,71.75901889801025
The weather calms down again on Friday.,64.13794994354248,66.42373657226562
A lot of sun and only a few loose clouds in the rest of the areas.,85.40377044677734,77.69940185546875
"Dense clouds stay during the day, from the southeast of which a few snowflakes fall.",60.0426025390625,60.179534912109375
It is usually snowing from Saarland up to Berlin in the afternoon.,61.47967147827149,58.73317337036133
"And now the weather forecast for Wednesday, January nineteenth, tomorrow.",86.8509464263916,83.9968957901001
Rarely can the sun prevail against the clouds.,65.86320972442627,69.60215377807617
"In the south, there is also a lot of clouds or fog, but rain rarely falls there.",77.4493293762207,77.41573715209961
It can snow into the lowlands in the direction of Lake Constance.,62.32290172576904,58.97702407836914
"It is usually dry between the North Sea and the Moselle, in the far southeast.",57.190561294555664,51.74428844451904
"First, you still have to be prepared for stormy rains and thunderstorms, especially in the south and east.",70.45758056640625,71.92929649353027
The corresponding warnings have been issued by the German Weather Service.,61.41286754608154,64.54598999023438
Temperatures tonight range from ten degrees in the Eifel to eighteen in Lusatia.,81.4534330368042,80.53373908996582
"Towards the southwest and northeast, the sun can also be seen.",57.11650085449219,55.783806800842285
"And now the weather forecast for Thursday, March thirty-first, tomorrow.",87.38816833496094,84.37263870239258
On the day twelve degrees on the Baltic Sea and up to twenty degrees in Lower Bavaria.,87.10850238800049,86.81656646728516
"There are more clouds than the sun even on Monday; sometimes it rains longer, and the thunderstorms are also strong.",82.39259338378906,83.22629737854004
It is friendlier in between.,77.07187080383301,71.14581394195557
The wind blows weak to moderately on the coast apart from the thunderstorms.,79.91807079315186,69.40409851074219
Saturday and Sunday see little changes.,79.0612621307373,69.23592376708984
"In the next few hours, it can still snow slightly in Saxony, or on the edge of the Alps and in Bavaria.",87.7283763885498,86.65260410308838
"Maximum temperatures stay at minus ten degrees until Saturday, and it is cold again.",86.2319803237915,82.78888416290283
The thunderstorms and showers sound on the night in the north on the Alps.,58.5795783996582,60.579216957092285
"And now the weather forecast for Friday, June twenty-five, tomorrow",82.32551574707031,80.46565341949463
"It is usually very cloudy here on Monday, and it rains there.",63.27319049835205,59.735899925231934
"In the mountainous country, it sometimes snows on the Alps, raining or snowing for a long time.",71.8682804107666,74.58131980895996
Changeable weather on Tuesday.,71.33263397216797,69.37782955169678
"Cloud gaps also form towards the northeast, especially in the southwest half.",68.42571830749512,48.132620334625244
"Tomorrow, there will still be slight snowfall on the edge of the Alps.",57.179025650024414,46.35340404510498
The wind usually blows from east to northeast weakly.,70.20154666900635,65.0273962020874
Tomorrow the temperatures range from twenty-two degrees on the Baltic Sea to thirty-two degrees on the Upper Rhine.,84.68339347839355,84.78403663635254
"Dear spectators, good evening",80.1231689453125,78.9713134765625
mostly dry and mostly friendly on Saturday,64.97311592102051,64.53077602386475
"In the northwest, dense clouds and territories are only available.",60.999006271362305,62.01932334899902
"Also, there are a few snowflakes.",63.88583469390869,61.64353370666504
It is usually very cloudy or foggy during the day.,77.19194030761719,73.72150039672852
eleven degrees in Lower Bavaria tonight and up to one degree in the northern low mountain ranges,85.83560943603516,85.29745292663574
Germany lies between a Mediterranean high and one deep in Ireland.,60.48835372924805,58.634572982788086
"This directs the elevated air in the southeast of the deep, which is merely moderately warm sea air in the northwest.",72.1679801940918,69.94209480285645
There is steady and partially heavy rainfall at the border of the air mass.,61.90508842468262,62.653730392456055
They are spreading from Rhineland Palatinate and Baden Württemberg to Thuringia tonight.,64.20260429382324,64.14265632629395
It is very cloudy near the coasts and partly in the very south on Friday.,77.55702209472656,78.18103504180908
It's quite friendly otherwise.,80.7802734375,76.45231056213379
It will mostly become friendly otherwise.,66.28178405761719,60.78757953643799
"In the south, thunderstorms can be especially stormy.",68.24668884277344,68.01314544677734
"Tonight, rains spread from the northwest to the middle.",72.6679515838623,72.35851192474365
"And now the weather forecast for Thursday, the twenty-sixth of November, tomorrow.",85.54291915893555,84.85945892333984
A bit milder air flows to us from the Atlantic.,83.00240707397461,78.13959884643555
Changeable shower weather on Friday.,74.77500915527344,76.7327709197998
"In the northwest, short thunderstorms are possible.",60.95804405212402,48.75105905532837
"Due to the weather conditions in the north, the North Sea will be favored with a relatively large amount of sun mainly tomorrow.",71.55643081665039,62.88297462463379
"At first, it is still friendly in the southwest; otherwise, it rains every now and then from time to time.",60.40542793273926,62.97319030761719
"From Friday on, it ensures that it snows more with us.",68.55887222290039,67.06587409973145
"At times, it also snows at the weekend.",80.09215354919434,77.00955295562744
The wind remains.,76.12134838104248,71.03659248352051
"On Tuesday, very windy weather, rain, snow, and porridge showers.",79.01581382751465,78.50340557098389
It rains or snows longer in the south.,74.91398429870605,67.50069046020508
"And now the weather forecast for Saturday, January the twenty-sixth, tomorrow.",82.77069282531738,79.77812099456787
"And now the weather forecast for Monday, January twenty-fourth, two thousand eleven, tomorrow.",82.37434196472168,79.8314733505249
"Good evening, dear viewers.",80.8771915435791,80.14260864257812
"Tomorrow, northeast of the Elbe, temperatures will range from minus one on the Upper Rhine to plus eight degrees.",80.39362239837646,76.43069458007812
"Here in the eastern half, it is most likely to seem and also on the edge of the Alps, and then later in the southwest.",77.47924327850342,78.54659748077393
"Especially in the northwest, the sun can come out with a fresh wind from the north to the northeast.",67.89866352081299,66.9659252166748
Snow also falls on Saturday.,52.6574068069458,53.88061237335205
"In the northwest, sometimes a bit of snow.",51.34347152709961,64.09675407409668
"Air pressure ensures deep rainfall, which are sometimes long-lasting and productive.",70.51225471496582,68.58422660827637
"As I said, that night the rain in the west moves on.",61.81022644042969,56.11992931365967
"And now the weather forecast for Wednesday, January the twelfth, tomorrow.",84.73542404174805,81.85105228424072
"In the northeast in Eastern Bavaria and the mountain country, snow or freezing rain is possible at night.",71.99315643310547,84.26794338226318
The day is partly friendly in the south.,77.05499458312988,74.29738140106201
There are also clouds with a little rain later.,77.18960380554199,71.16941261291504
"The wind blows from south to southwest, weak to moderately.",59.510687828063965,58.76728630065918
"In the north and the east, there are more clouds than sun, and drops are only occasionally.",66.21172904968262,69.06486511230469
"And now the weather forecast for Wednesday, the thirtieth of March, tomorrow.",81.7905101776123,76.99930572509766
"Tomorrow on the Hochrhein, temperatures will reach up to twenty-three degrees, while on the North Sea, they will be fifteen.",83.618896484375,67.23738670349121
"In the middle and in the north, the night is usually clearly raining in the south.",83.49977493286133,81.17159080505371
"During the night, the rain moves towards Main.",43.61207628250122,42.816307067871094
Showers with short thunderstorms are also on the North Sea tonight.,79.33325099945068,74.4470911026001
Partly clouds and partly long time sunshine are expected in the southwestern half tomorrow.,65.71329307556152,56.488609313964844
"The southern Germans will now also meet it, but the North Germans already know it today.",65.23902320861816,55.9439640045166
"This low pressure area above the North Atlantic is the linch and focal point; it will ultimately send us the rain to northern Germany, but then more and more in the middle tonight.",65.48155212402344,67.4103479385376
"There is a new low that will reach us tomorrow evening on the North Sea, partly with heavy gusts of wind.",56.73240661621094,56.62731742858887
"At the moment, the nights will be very warm.",69.80888748168945,63.54934501647949
"In some cities, sometimes not under twenty degrees.",59.143877029418945,59.96558475494385
Deep Atlantic runners bring us rainfalls and sometimes stormy winds throughout the week.,70.37691116333008,68.15556526184082
"During the day, dense clouds on the northwest sides of the mountains can also have gaps and rain or snow for a long time.",75.58913993835449,77.5413408279419
Partly down to deeper locations in the evening.,58.87124061584473,60.18240547180176
Isolated porridge showers or short thunderstorms are also there.,70.22025203704834,70.25831699371338
The wind from the northwest brings clouds and some rain on Sunday.,81.0251522064209,76.72609519958496
mostly dry with a mixture of sun and clouds on Monday,81.85091876983643,80.41435050964355
Good evening and hello,81.72536849975586,80.08614540100098
"Rainy days with us in Germany, and therefore the situation on some rivers in the east is still tense.",79.49914932250977,82.5081033706665
There will be at least fifteen to a maximum of seventeen degrees on the Rhine.,73.84792518615723,66.47822380065918
"The weather is sometimes inconsistent on Sunday, with heavy rainfalls or thunderstorms occurring at times.",84.03755760192871,83.95469856262207
Strong showers and thunderstorms they bring.,73.05355453491211,74.95099449157715
"In the coming days, the air that flows to us is then colder.",67.65502643585205,66.98933029174805
Changeable it remains.,63.0089054107666,62.23935508728027
"During the day, it is friendly in the west; otherwise, the sun and denser clouds alternately appear here and there with individual showers.",80.25118923187256,79.43840026855469
"In the east and southeast, thunderstorms are possible.",87.97867584228516,86.5299711227417
"On Sunday, it will be inconsistent with more individual showers and thunderstorms that can be locally violent.",78.88877487182617,78.77092170715332
The new week begins a little cooler and changeable.,78.65651321411133,80.09565162658691
"We reach a new Atlantic low from the west, sometimes with heavy rains and violent thunderstorms.",68.10075759887695,65.99462127685547
"Tomorrow, it will remain quite friendly and warm in the south under the influence of high pressure.",84.81790924072266,82.62935447692871
"Rain spreads from the west tonight, which can be partly productive.",66.21681594848633,61.915175437927246
"Tomorrow in the Emsland, it will be a hot thirty degrees, while it will be a cool sixteen degrees.",69.75796508789062,68.22516632080078
"And now the weather forecast for Tuesday, January fifth, tomorrow.",76.46975421905518,72.29204177856445
"In the north, the wind on the coasts sometimes blows fresh and moderate.",80.84151649475098,74.45442771911621
the wind in the south is weak,62.62312889099121,66.25158309936523
"On the North Sea, temperatures will be minus two degrees tonight, while individual alpine valleys may experience temperatures as low as minus twenty degrees.",68.52513313293457,62.15032768249512
"The temperatures in the west are again between about eighteen and twenty-three degrees, while in the east, they are only twelve to seventeen degrees.",88.04301643371582,88.62831687927246
"In the northeastern half of the eastern lowlands of the eastern low mountain range, the northwest wind blows weakly to moderately.",52.03687858581543,54.79938840866089
"As the course progresses, the rain spreads east, then it clears up in the west.",69.9304256439209,68.34687805175781
Wind fresh in the west and northwest,61.499711990356445,61.84813117980957
The weather there is at least in the morning sunshine.,61.08322715759277,61.95417499542236
There are strong thunderstorms here in Bavaria in the afternoon.,62.79664421081543,59.44925117492676
"And now the weather forecast for Monday, April twelfth, tomorrow.",80.26302528381348,76.69959926605225
The snow border drops to three hundred to six hundred meters.,69.70427227020264,72.66257762908936
And that will change on Wednesday from minus nine to minus one degree.,69.10250282287598,67.02678775787354
"Tomorrow, in Central Europe, we have maximum temperatures ranging from eighteen to twenty-six degrees.",80.22564792633057,76.00382232666016
"It's still warm over Eastern Europe, with temperatures around twenty-five degrees east.",82.57915306091309,77.04413318634033
"And now the weather forecast for Monday, January twenty-five, tomorrow.",87.95525741577148,85.09771537780762
There will be individual showers and it will be windy there on Tuesday.,62.957722663879395,59.143917083740234
In areas otherwise quite friendly in the south and southwest.,71.21956062316895,66.97030448913574
"Over the weekend, it becomes increasingly cold and dry, but it remains.",78.5609769821167,69.9320478439331
"And now the weather forecast for Saturday, the twelfth of September, tomorrow.",85.59973621368408,83.36417770385742
Cool air flows to us in Germany relatively.,72.5751724243164,67.73430061340332
"Initially, only deep exporters reach us in a weakened form.",64.7967300415039,61.66996955871582
A change from sun and clouds otherwise.,82.54192924499512,77.14646530151367
"The wind blows weakly to moderately on the North Sea, and there is also a fresh wind in the mountain country.",78.61972999572754,77.29318428039551
"Tonight, the values are between seven and fourteen degrees.",83.90873622894287,71.44877815246582
"The sun usually prevails again on Sunday, especially in the southeastern half.",68.77696800231934,71.09862327575684
"In the southeast, temperatures tonight will range from twelve to nineteen degrees.",80.47148132324219,73.06480979919434
